{"MAE": 0.0302275985038559, "MSE": 0.0035462732283108394, "R2": 0.43711207599578716}