{
    "MAE": 0.013299798831573173,
    "MSE": 0.0008271540428837157,
    "R2": 0.8531522881342736
}